{"version":"2.0.10","title":"Bordering","_conditions":[],"_relation_type":"or","_content_type":"elementor","_settings":{"jet_popup_type":"default","jet_popup_animation":"slide-in-up","jet_popup_open_trigger":"attach","jet_popup_on_close_event":"none","jet_popup_scroll_to_anchor":"","jet_popup_page_load_delay":1,"jet_popup_user_inactivity_time":1,"jet_popup_scrolled_to_value":10,"jet_popup_on_date_value":"2023-01-13 06:51","jet_popup_on_time_start_value":"","jet_popup_on_time_end_value":"","jet_popup_start_date_and_time":"","jet_popup_end_date_and_time":"","jet_popup_custom_selector":".custom","jet_popup_prevent_scrolling":"no","jet_popup_show_once":"no","jet_popup_show_again_delay":"none","jet_popup_use_ajax":"no","jet_popup_force_ajax":"no","jet_role_condition":[],"use_close_button":"yes","close_button_icon":"","use_overlay":"yes","close_on_overlay_click":"yes","use_content_cache":true},"_styles":{"container_width":"800px","container_custom_height":false,"container_height":"","container_hor_position":"center","container_ver_position":"center","content_ver_position":"flex-start","container_bg_color":"#fff","container_bg":{"type":"classic","color":"#fff","bg_image_id":"","bg_image_url":"","bg_position":"center center","bg_repeat":"no-repeat","bg_size":"auto","gradient":"linear-gradient(160deg, rgba(85,85,85,0.8477984943977591) 0%, rgba(0,0,0,0.8505996148459384) 100%)"},"container_hor_padding":"20px","container_ver_padding":"20px","container_hor_margin":"0px","container_ver_margin":"0px","container_border":"0px solid #fff","container_border_color":"#fff","container_border_style":"solid","container_border_width":"1px","container_border_radius":"0px","container_box_shadow":"none","overlay_bg_color":"#0000007D","overlay_bg":{"type":"classic","color":"#0000007D","bg_image_id":"","bg_image_url":"","bg_position":"center center","bg_repeat":"no-repeat","bg_size":"auto","gradient":"linear-gradient(160deg, rgba(85,85,85,0.8477984943977591) 0%, rgba(0,0,0,0.8505996148459384) 100%)"},"close_button_icon_color":"#fff","close_button_icon_size":"16px","close_button_bg_color":"#000","close_button_size":"32px","close_button_border":"1px solid #000","close_button_border_radius":"0px","close_button_translate_x":"0px","close_button_translate_y":"0px","z_index":"999"},"content":[{"id":"af57686","elType":"section","settings":{"structure":"20","jet_parallax_layout_list":[],"background_image":{"url":"","id":"","size":""},"background_slideshow_gallery":[],"background_hover_image":{"url":"","id":"","size":""},"background_hover_slideshow_gallery":[],"background_overlay_image":{"url":"","id":"","size":""},"background_overlay_slideshow_gallery":[],"background_overlay_hover_image":{"url":"","id":"","size":""},"background_overlay_hover_slideshow_gallery":[],"jedv_conditions":[{"jedv_condition":"","_id":"","jedv_user_role":"","jedv_user_id":"","jedv_field":"","jedv_value":"","jedv_context":"default","value_is-profile-page":"","query_id":"","terms_taxonomy":"","time_from":"","time_to":"","week_days":[],"item_number":"","each_item_number":"","jedv_data_type":"chars"}]},"elements":[{"id":"93fa962","elType":"column","settings":{"_column_size":50,"_inline_size":77.632000000000005,"background_image":{"url":"","id":"","size":""},"background_slideshow_gallery":[],"background_hover_image":{"url":"","id":"","size":""},"background_hover_slideshow_gallery":[],"background_overlay_image":{"url":"","id":"","size":""},"background_overlay_slideshow_gallery":[],"background_overlay_hover_image":{"url":"","id":"","size":""},"background_overlay_hover_slideshow_gallery":[],"jedv_conditions":[{"jedv_condition":"","_id":"","jedv_user_role":"","jedv_user_id":"","jedv_field":"","jedv_value":"","jedv_context":"default","value_is-profile-page":"","query_id":"","terms_taxonomy":"","time_from":"","time_to":"","week_days":[],"item_number":"","each_item_number":"","jedv_data_type":"chars"}]},"elements":[{"id":"3f5c6ce","elType":"widget","settings":{"title":"Lorem ipsum dolor sit amet, consectetur adipiscing elit, sed do eiusmod tempor incididunt ut labore et dolore magna aliqua. Ut enim ad minim veniam, quis nostrud exercitation ullamco laboris nisi ut aliquip ex ea commodo consequat.","header_size":"p","align":"left","typography_typography":"custom","typography_font_family":"Roboto","typography_font_weight":"400","typography_line_height":{"unit":"em","size":1.3999999999999999,"sizes":[]},"__globals__":{"title_color":"globals\/colors?id=text"},"jedv_conditions":[{"jedv_condition":"","_id":"","jedv_user_role":"","jedv_user_id":"","jedv_field":"","jedv_value":"","jedv_context":"default","value_is-profile-page":"","query_id":"","terms_taxonomy":"","time_from":"","time_to":"","week_days":[],"item_number":"","each_item_number":"","jedv_data_type":"chars"}],"_background_image":{"url":"","id":"","size":""},"_background_slideshow_gallery":[],"_background_hover_image":{"url":"","id":"","size":""},"_background_hover_slideshow_gallery":[]},"elements":[],"widgetType":"heading","htmlCache":"\t\t\t<p class=\"elementor-heading-title elementor-size-default\">Lorem ipsum dolor sit amet, consectetur adipiscing elit, sed do eiusmod tempor incididunt ut labore et dolore magna aliqua. Ut enim ad minim veniam, quis nostrud exercitation ullamco laboris nisi ut aliquip ex ea commodo consequat.<\/p>\t\t"}],"isInner":false},{"id":"9348a0e","elType":"column","settings":{"_column_size":50,"_inline_size":22.236999999999998,"background_image":{"url":"","id":"","size":""},"background_slideshow_gallery":[],"background_hover_image":{"url":"","id":"","size":""},"background_hover_slideshow_gallery":[],"background_overlay_image":{"url":"","id":"","size":""},"background_overlay_slideshow_gallery":[],"background_overlay_hover_image":{"url":"","id":"","size":""},"background_overlay_hover_slideshow_gallery":[],"jedv_conditions":[{"jedv_condition":"","_id":"","jedv_user_role":"","jedv_user_id":"","jedv_field":"","jedv_value":"","jedv_context":"default","value_is-profile-page":"","query_id":"","terms_taxonomy":"","time_from":"","time_to":"","week_days":[],"item_number":"","each_item_number":"","jedv_data_type":"chars"}]},"elements":[{"id":"e16489b","elType":"widget","settings":{"text":"Click here","align":"center","selected_icon":{"value":"","library":""},"background_slideshow_gallery":[],"button_background_hover_slideshow_gallery":[],"jedv_conditions":[{"jedv_condition":"","_id":"","jedv_user_role":"","jedv_user_id":"","jedv_field":"","jedv_value":"","jedv_context":"default","value_is-profile-page":"","query_id":"","terms_taxonomy":"","time_from":"","time_to":"","week_days":[],"item_number":"","each_item_number":"","jedv_data_type":"chars"}],"_background_image":{"url":"","id":"","size":""},"_background_slideshow_gallery":[],"_background_hover_image":{"url":"","id":"","size":""},"_background_hover_slideshow_gallery":[]},"elements":[],"widgetType":"button","htmlCache":"\t\t\t\t\t\t\t\t<a class=\"elementor-button elementor-button-link elementor-size-sm\" href=\"#\">\n\t\t\t\t\t\t<span class=\"elementor-button-content-wrapper\">\n\t\t\t\t\t\t\t\t\t<span class=\"elementor-button-text\">Click here<\/span>\n\t\t\t\t\t<\/span>\n\t\t\t\t\t<\/a>\n\t\t\t\t\t\t"}],"isInner":false}],"isInner":false}],"page_settings":{"jet_popup_custom_selector":".custom","jet_popup_animation":"slide-in-up","container_custom_height":"","container_height":{"unit":"%","size":100,"sizes":[]},"jet_popup_horizontal_position":"flex-end","jet_popup_vertical_position":"flex-end","container_height_tablet":{"unit":"%","size":"","sizes":[]},"container_height_mobile":{"unit":"%","size":"","sizes":[]},"container_width":{"unit":"px","size":800,"sizes":[]}}}